{
  "Pepper__bell___Bacterial_spot": {
    "min": 1.1451145120229906e-17,
    "max": 0.6234685778617859,
    "mean": 0.0023092518094927073,
    "median": 1.0421518226166882e-07,
    "std": 0.02900375984609127,
    "count": 950
  },
  "Pepper__bell___healthy": {
    "min": 3.5915831940458443e-12,
    "max": 0.6578277945518494,
    "mean": 0.005524570122361183,
    "median": 8.64054436533479e-06,
    "std": 0.04437880590558052,
    "count": 950
  },
  "Potato___Early_blight": {
    "min": 1.6373629943903357e-16,
    "max": 0.6576122045516968,
    "mean": 0.0012102527543902397,
    "median": 9.659197885980575e-09,
    "std": 0.022256165742874146,
    "count": 950
  },
  "Potato___Late_blight": {
    "min": 1.0975686505487747e-11,
    "max": 1.1942384243011475,
    "mean": 0.026271488517522812,
    "median": 9.661316289566457e-05,
    "std": 0.10648859292268753,
    "count": 950
  },
  "Potato___healthy": {
    "min": 1.5155978871916886e-07,
    "max": 0.5184819102287292,
    "mean": 0.013294714502990246,
    "median": 0.0004186584264971316,
    "std": 0.055500276386737823,
    "count": 152
  },
  "Tomato_Bacterial_spot": {
    "min": 1.4906135136980025e-12,
    "max": 0.48576879501342773,
    "mean": 0.0062250192277133465,
    "median": 1.817527663661167e-05,
    "std": 0.035926029086112976,
    "count": 950
  },
  "Tomato_Early_blight": {
    "min": 1.3771557678954327e-13,
    "max": 1.1392202377319336,
    "mean": 0.04049651324748993,
    "median": 0.0007698244880884886,
    "std": 0.13346754014492035,
    "count": 950
  },
  "Tomato_Late_blight": {
    "min": 5.008547109970857e-16,
    "max": 1.6753838062286377,
    "mean": 0.02238219976425171,
    "median": 4.543036084214691e-06,
    "std": 0.11637263745069504,
    "count": 950
  },
  "Tomato_Leaf_Mold": {
    "min": 3.5775164975620014e-14,
    "max": 1.3730669021606445,
    "mean": 0.006773954723030329,
    "median": 8.950490155257285e-06,
    "std": 0.05877908319234848,
    "count": 950
  },
  "Tomato_Septoria_leaf_spot": {
    "min": 1.6561455982652684e-12,
    "max": 1.1442054510116577,
    "mean": 0.02110791951417923,
    "median": 0.00010148428555112332,
    "std": 0.09336040914058685,
    "count": 950
  },
  "Tomato_Spider_mites_Two_spotted_spider_mite": {
    "min": 4.7587257051562304e-11,
    "max": 1.073955774307251,
    "mean": 0.02811487764120102,
    "median": 0.00018602205091156065,
    "std": 0.10729525238275528,
    "count": 950
  },
  "Tomato__Target_Spot": {
    "min": 6.75655797977015e-09,
    "max": 0.9745233058929443,
    "mean": 0.040537405759096146,
    "median": 0.0014578504487872124,
    "std": 0.118010975420475,
    "count": 950
  },
  "Tomato__Tomato_YellowLeaf__Curl_Virus": {
    "min": 3.4569899221212953e-19,
    "max": 0.8436499238014221,
    "mean": 0.01564600318670273,
    "median": 3.1215583362609323e-07,
    "std": 0.07828671485185623,
    "count": 950
  },
  "Tomato__Tomato_mosaic_virus": {
    "min": 9.561398339741345e-10,
    "max": 0.7062695622444153,
    "mean": 0.0037716629449278116,
    "median": 2.864747693820391e-05,
    "std": 0.03744814544916153,
    "count": 373
  },
  "Tomato_healthy": {
    "min": 1.0296280091004993e-14,
    "max": 0.2014203816652298,
    "mean": 0.0005072503117844462,
    "median": 2.698631647035654e-07,
    "std": 0.007014845032244921,
    "count": 950
  }
}